<?xml version="1.0" encoding="UTF-8"?>
<project-private xmlns="http://www.netbeans.org/ns/project-private/1">
    <editor-bookmarks xmlns="http://www.netbeans.org/ns/editor-bookmarks/2" lastBookmarkId="0"/>
    <open-files xmlns="http://www.netbeans.org/ns/projectui-open-files/2">
        <group>
            <file>file:/Users/rafaelavelar/MPLABXProjects/pic2_v2.X/st7735.c</file>
            <file>file:/Users/rafaelavelar/MPLABXProjects/pic2_v2.X/st7735.h</file>
            <file>file:/Users/rafaelavelar/MPLABXProjects/pic2_v2.X/pic2.c</file>
            <file>file:/Users/rafaelavelar/MPLABXProjects/pic2_v2.X/colors.h</file>
        </group>
    </open-files>
</project-private>
