<?xml version="1.0" encoding="UTF-8"?>
<project-private xmlns="http://www.netbeans.org/ns/project-private/1">
    <editor-bookmarks xmlns="http://www.netbeans.org/ns/editor-bookmarks/2" lastBookmarkId="0"/>
    <open-files xmlns="http://www.netbeans.org/ns/projectui-open-files/2">
        <group>
            <file>file:/Users/rafaelavelar/MPLABXProjects/pic1_v2.X/sine_generator.h</file>
            <file>file:/Users/rafaelavelar/MPLABXProjects/pic1_v2.X/final_proj_pic1.c</file>
            <file>file:/Users/rafaelavelar/MPLABXProjects/pic1_v2.X/sine_generator.c</file>
        </group>
    </open-files>
</project-private>
